n,name,category,kind,size_class,height_m_min,height_m_max,height_open_ended,trunk_d_cm_min,trunk_d_cm_max,root_ball,planting_types,planting_types_ru,density_per_sqm_min,density_per_sqm_max,density_per_running_m,characteristics_ru
1,Лиственница европейская,Деревья хвойные,tree,крупномер,7,9,false,10,12,1.7x1.7x0.65,group,группы,,,,"крупномер, высота 7-9, диаметр 10-12 см, размер земляного кома 1,7x1,7x0,65 м"
1,Лиственница европейская,Деревья хвойные,tree,IV группа,3,,true,,,1.3x1.3x0.6,group,группы,,,,"IV группа, высота свыше 3м, размер земляного кома 1,3x1,3x0,6 м"
2,Ель колючая,Деревья хвойные,tree,крупномер,7,9,false,10,12,1.7x1.7x0.65,solitaire;group,"солитеры, группы",,,,"крупномер, высота 7-9, диаметр 10-12 см, размер земляного кома 1,7x1,7x0,65 м"
2,Ель колючая,Деревья хвойные,tree,IV группа,3,,true,,,1.3x1.3x0.6,solitaire;group,"солитеры, группы",,,,"IV группа, высота свыше 3м, размер земляного кома 1,3x1,3x0,6 м"
3,Береза бородавчатая,Деревья лиственные,tree,крупномер,7,9,false,10,12,1.7x1.7x0.65,group,группы,,,,"крупномер, высота 7-9, диаметр 10-12 см, размер земляного кома 1,7x1,7x0,65 м"
3,Береза бородавчатая,Деревья лиственные,tree,IV группа,4,5,false,5,5,1.3x1.3x0.6,group,группы,,,,"IV группа, высота 4-5 м, диаметр 5 см, размер земляного кома 1,3x1,3x0,6 м"
4,Клен остролистный,Деревья лиственные,tree,крупномер,7,9,false,10,12,1.7x1.7x0.65,group;row,"группы, рядовые посадки",,,,"крупномер, высота 7-9, диаметр 10-12 см, размер земляного кома 1,7x1,7x0,65 м"
4,Клен остролистный,Деревья лиственные,tree,IV группа,4,5,false,5,5,1.3x1.3x0.6,group;row,"группы, рядовые посадки",,,,"IV группа, высота 4-5 м, диаметр 5 см, размер земляного кома 1,3x1,3x0,6 м"
5,Каштан конский обыкновенный,Деревья лиственные,tree,крупномер,7,9,false,10,12,1.7x1.7x0.65,group;row,"группы, рядовые посадки",,,,"крупномер, высота 7-9, диаметр 10-12 см, размер земляного кома 1,7x1,7x0,65 м"
5,Каштан конский обыкновенный,Деревья лиственные,tree,IV группа,4,5,false,5,5,1.3x1.3x0.6,group;row,"группы, рядовые посадки",,,,"IV группа, высота 4-5 м, диаметр 5 см, размер земляного кома 1,3x1,3x0,6 м"
6,Липа мелколистная,Деревья лиственные,tree,крупномер,7,9,false,10,12,1.7x1.7x0.65,group;row,"группы, рядовые посадки",,,,"крупномер, высота 7-9, диаметр 10-12 см, ком 1,7x1,7x0,65 м"
6,Липа мелколистная,Деревья лиственные,tree,IV группа,4,5,false,5,5,1.3x1.3x0.6,group;row,"группы, рядовые посадки",,,,"IV группа, высота 4-5 м, диаметр 5 см, размер земляного кома 1,3x1,3x0,6 м"
7,Черемуха Маака,Деревья лиственные,tree,крупномер,4,5,false,5,6,1.0x1.0x0.6,group,группы,,,,"крупномер, высота 4-5 м, диаметр 5-6 см, размер земляного кома 1,0x1,0x0,6 м"
7,Черемуха Маака,Деревья лиственные,tree,III группа,3.5,4,false,4.5,4.5,1.0x1.0x0.6,group,группы,,,,"III группа, высота 3,5-4 м, диаметр 4,5 см, размер земляного кома 1,0x1,0x0,6м"
8,Яблоня декоративная,Деревья лиственные,tree,крупномер,4,5,false,5,6,1.0x1.0x0.6,group,группы,,,,"крупномер, высота 4-5 м, диаметр 5-6 см, размер земляного кома 1,0x1,0x0,6 м"
8,Яблоня декоративная,Деревья лиственные,tree,III группа,3.5,4,false,4.5,4.5,1.0x1.0x0.6,group,группы,,,,"III группа, высота 3,5-4 м, диаметр 4,5 см, размер земляного кома 1,0x1,0x0,6м"
9,Рябина промежуточная,Деревья лиственные,tree,крупномер,4,5,false,5,6,1.0x1.0x0.6,group;row,"группы, рядовые посадки",,,,"крупномер, высота 4-5 м, диаметр 5-6 см, размер земляного кома 1,0x1,0x0,6 м"
9,Рябина промежуточная,Деревья лиственные,tree,III группа,3.5,4,false,4.5,4.5,1.0x1.0x0.6,group;row,"группы, рядовые посадки",,,,"III группа, высота 3,5-4 м, диаметр 4,5 см, размер земляного кома 1,0x1,0x0,6м"
10,Барбарис Тунберга,Кустарники лиственные,bush,саженец 1 сорт низкорослый,0.3,,true,,,,group,"группы, 3 штуки/кв.м",3,3,,"1 сорт, саженец, стандарт низкорослый, свыше 0,3м"
11,Дерен белый,Кустарники лиственные,bush,саженец 1 сорт среднерослый,0.5,,true,,,,group,"группы, 2 штуки/кв.м",2,2,,"1 сорт, саженец, стандарт среднерослый, свыше 0,5м"
12,Сирень обыкновенная,Кустарники лиственные,bush,саженец 1 сорт высокорослый,1.1,,true,,,,group,"группы, 1 штука/кв.м",1,1,,"1 сорт, саженец, стандарт высокорослый, свыше 1,1м"
13,Спирея (различные виды),Кустарники лиственные,bush,саженец 1 сорт среднерослый,0.5,,true,,,,group,"группы, 2-3 штуки/кв.м",2,3,,"1 сорт, саженец, стандарт среднерослый, свыше 0,5м"
14,Снежноягодник белый,Кустарники лиственные,bush,саженец 1 сорт среднерослый,0.5,,true,,,,group,"группы, 2-3 штуки/кв.м",2,3,,"1 сорт, саженец, стандарт среднерослый, свыше 0,5м"
15,Лапчатка кустарниковая,Кустарники лиственные,bush,саженец 1 сорт низкорослый,0.3,,true,,,,group,"группы, 3 штуки/кв.м",3,3,,"1 сорт, саженец, стандарт низкорослый, свыше 0,3м"
16,Чубушник венечный,Кустарники лиственные,bush,саженец 1 сорт среднерослый,0.5,,true,,,,group,"группы, 2 штуки/кв.м",2,2,,"1 сорт, саженец, стандарт среднерослый, свыше 0,5м"
17,Кизильник блестящий,Кустарники лиственные,bush,саженец 1 сорт среднерослый,0.5,,true,,,,hedge_double,"2-рядная живая изгородь, 5 штук/погонный м",,,5,"1 сорт, саженец, стандарт среднерослый, свыше 0,5м"
18,Пузыреплодник калинолистный,Кустарники лиственные,bush,саженец 1 сорт среднерослый,0.5,,true,,,,hedge_double,"2-рядная живая изгородь, 5 штук/погонный м",,,5,"1 сорт, саженец, стандарт среднерослый, свыше 0,5м"
19,Жимолость (различные виды),Кустарники лиственные,bush,саженец 1 сорт среднерослый,0.5,,true,,,,group,"группы, 2 штуки/кв.м",2,2,,"1 сорт, саженец, стандарт среднерослый, свыше 0,5м"
20,"Многолетние цветочные растения: флокс, ирис, пион, лилейник, хоста, астильба, кампанула",Цветочные растения,flower,рассада стандарт высокие,,,,,,,flowerbed,"цветники; посадка: высокие 2-8 штуки/кв.м",2,8,,рассада стандарт
20,"Многолетние цветочные растения: флокс, ирис, пион, лилейник, хоста, астильба, кампанула",Цветочные растения,flower,рассада стандарт средние,,,,,,,flowerbed,"цветники; посадка: средние 10-16 штуки/кв.м",10,16,,рассада стандарт
21,Газон обыкновенный,Газон,lawn,посев,,,,,,,seeding,посев газонных трав,,,,из устойчивой травосмеси
