n,name,category,kind,size_class,height_m_min,height_m_max,height_open_ended,planting_types,planting_types_ru,density_per_sqm_min,density_per_sqm_max,characteristics_ru
1,Можжевельник казацкий,Кустарники хвойные,bush,саженец 1 сорт среднерослый,0.5,,true,group,группы,,,"1 сорт, саженец, стандарт среднерослый, свыше 0,5м"
2,Барбарис Тунберга,Кустарники лиственные,bush,саженец 1 сорт низкорослый,0.3,,true,group,"группы, 3 штуки/кв.м",3,3,"1 сорт, саженец, стандарт низкорослый, свыше 0,3м"
3,Роза ругоза,Кустарники лиственные,bush,саженец 1 сорт среднерослый,0.5,,true,group,"группы, 2-3 штуки/кв.м",2,3,"1 сорт, саженец, стандарт среднерослый, свыше 0,5м"
4,Сирень обыкновенная сортовая,Кустарники лиственные,bush,саженец 1 сорт высокорослый,1.1,,true,group,"группы, 1 штука/кв.м",1,1,"1 сорт, саженец, стандарт высокорослый, свыше 1,1м"
5,Спирея Бумальда,Кустарники лиственные,bush,саженец 1 сорт низкорослый,0.3,,true,group,"группы, 3 штуки/кв.м",3,3,"1 сорт, саженец, стандарт низкорослый, свыше 0,3м"
6,Спирея японская,Кустарники лиственные,bush,саженец 1 сорт низкорослый,0.3,,true,group,"группы, 3 штуки/кв.м",3,3,"1 сорт, саженец, стандарт низкорослый, свыше 0,3м"
7,Спирея серая,Кустарники лиственные,bush,саженец 1 сорт среднерослый,0.5,,true,group,"группы, 2-3 штуки/кв.м",2,3,"1 сорт, саженец, стандарт среднерослый, свыше 0,5м"
8,Снежноягодник белый,Кустарники лиственные,bush,саженец 1 сорт среднерослый,0.5,,true,group,"группы, 2-3 штуки/кв.м",2,3,"1 сорт, саженец, стандарт среднерослый, свыше 0,5м"
9,Лапчатка кустарниковая,Кустарники лиственные,bush,саженец 1 сорт среднерослый,0.5,,true,group,"группы, 3 штуки/кв.м",3,3,"1 сорт, саженец, стандарт среднерослый, свыше 0,5м"
10,Чубушник венечный,Кустарники лиственные,bush,саженец 1 сорт среднерослый,0.5,,true,group,"группы, 2 штуки/кв.м",2,2,"1 сорт, саженец, стандарт среднерослый, свыше 0,5м"
11,"Высокие и средние многолетники: флокс метельчатый, хоста, астильба, бадан, ирис, пион, вербейник, лилейник, дельфиниум, наперстянка, шалфей, монарда",Цветочные растения,flower,рассада стандарт высокие,,,,flowerbed,"цветники; высокие: посадка 2-8 штук/кв.м",2,8,рассада стандарт
11,"Высокие и средние многолетники: флокс метельчатый, хоста, астильба, бадан, ирис, пион, вербейник, лилейник, дельфиниум, наперстянка, шалфей, монарда",Цветочные растения,flower,рассада стандарт средние,,,,flowerbed,"цветники; средние: посадка 10-16 штук/кв.м",10,16,рассада стандарт
11,"Низкие многолетники: флокс шиловидный, маргаритка, примула, арабис, барвинок, пахизандра, ясколка, фиалка рогатая, седумы различных видов",Цветочные растения,flower,рассада стандарт низкие,,,,flowerbed,"цветники; низкие: посадка 20-25 штук/кв.м",20,25,рассада стандарт
12,Газон обыкновенный,Газон,lawn,посев,,,,seeding,посев газонных трав,,,из устойчивой травосмеси
