n,name,height_m_min,height_m_max,spacing_m_min,spacing_m_max,note
1,Скамья со спинкой,,,,,
2,Скамья без спинки,,,,,
3,Стол,,,,,
4,"Контейнер для зеленых насаждений, цветочницы, вазоны",,,,,См. container_planting в planning.yaml -- минимальные размеры контейнеров под дерево и кустарник
5,Урна,,,,,
6,Элемент-ограничитель въездов,,,,,
7,Торшер со светодиодным светильником,5,7,20,20,Сад двора и озеленённые объекты рекреации
8,Опора наружного освещения со светодиодным светильником,9,11,25,30,Освещение пожарного проезда
9,Световой столбик,,,,,
