name,category,assortment_class,codes,Дворовые территории,Дошкольные учреждения,"Общеобразовательные и спортивные учреждения (школы, колледжи)",Учреждения здравоохранения и реабилитационные центры,"Магистрали (в т.ч. шоссе, проспекты, улицы с высокоскоростным движением, кольцевые дороги и хорды) *Внутриквартальные улицы и проезды местного значения","Площади, пространства общественно-делового и торгово-развлекательного назначения (запечатанные и полузапечатанные поверхности)","Парки *Бульвары, скверы, набережные, сады",Территории производственного назначения *Озелененные территории охранных и санитарно-защитных зон,conflicts
Ель колючая (формы и сорта),Хвойные деревья,Основной,,+,+,+,+,+,+,+,+,
"Ель обыкновенная/европейская, (формы и сорта)",Хвойные деревья,Основной,3;4;5,+,+,+,+,-,+,+,+,
Лиственница американская,Хвойные деревья,Основной,,+,+,+,+,-,+,+,-,
Лиственница даурская (Гмелина),Хвойные деревья,Основной,,+,+,+,+,-,+,+,-,
Лиственница европейская (опадающая) (формы и сорта),Хвойные деревья,Основной,,+,+,+,+,-,+,+,-,
Лиственница сибирская,Хвойные деревья,Основной,,-,-,-,+,-,+,+,-,
"Сосна обыкновенная, (формы и сорта)",Хвойные деревья,Основной,3;4;5,+,+,+,+,+,+,+,+,
"Можжевельник виргинский, (формы и сорта)",Хвойные кустарники,Основной,2;5;6,+,+,-,-,-,+,+,-,
"Можжевельник горизонтальный, (формы и сорта)",Хвойные кустарники,Основной,2;5;6,+,+,-,-,-,+,+,-,
"Можжевельник казацкий, (формы и сорта)",Хвойные кустарники,Основной,2;5;6,+,-,-,-,+,+,+,+,
"Можжевельник средний Пфитцериана, (формы и сорта)",Хвойные кустарники,Основной,2;5;6,+,+,-,-,-,+,+,-,
"Можжевельник скальный, (формы и сорта)",Хвойные кустарники,Основной,2;5;6,+,+,-,-,-,+,+,-,
Сосна горная (формы и сорта),Хвойные кустарники,Основной,5,+,+,+,+,+,+,+,+,
Бархат Амурский,Лиственные деревья,Основной,,+,-,+,+,-,+,+,-,
Береза повислая/плакучая (формы и сорта),Лиственные деревья,Основной,,+,+,+,-,+,+,+,+,
Береза пушистая (формы и сорта),Лиственные деревья,Основной,,+,+,+,-,+,+,+,+,
Боярышник Арнольда,Лиственные деревья,Основной,2,+,-,-,+,+,+,+,+,
Боярышник крупноколючковый,Лиственные деревья,Основной,2,+,-,-,+,+,+,+,+,
Боярышник перистонадрезанный,Лиственные деревья,Основной,2,+,-,-,+,+,+,+,+,
Боярышник полумягкий/мягковатый,Лиственные деревья,Основной,2,+,-,-,+,+,+,+,+,
Боярышник сливолистный,Лиственные деревья,Основной,2,+,-,-,+,+,+,+,+,
Боярышник точечный,Лиственные деревья,Основной,2,+,-,-,+,+,+,+,+,
Боярышник чёрный,Лиственные деревья,Основной,2,+,-,-,+,+,+,+,+,
Вишня обыкновенная,Лиственные деревья,Основной,2,+,-,-,+,-,+,+,-,
Вяз гибридный Резиста,Лиственные деревья,Основной,,+,+,+,+,+,+,+,+,
Вяз перисто-ветвистый,Лиственные деревья,Основной,,+,+,+,+,+,+,+,+,
Вяз приземистый,Лиственные деревья,Основной,,+,+,+,+,+,+,+,+,
Груша уссурийская,Лиственные деревья,Основной,2,+,-,-,+,-,+,+,-,
Дуб красный,Лиственные деревья,Основной,1,+,+,+,+,-,+,+,-,
Дуб черешчатый (формы и сорта),Лиственные деревья,Основной,,+,-,-,+,-,+,+,-,
Ива белая (формы и сорта),Лиственные деревья,Основной,,-,-,-,+,+,+,+,+,
Ива ломкая ф. «Bullata»,Лиственные деревья,Основной,,+,+,+,+,+,+,+,+,
Ива прутовидная,Лиственные деревья,Основной,,+,+,+,+,+,+,+,+,
Ивы свердловской селекции (формы и сорта),Лиственные деревья,Основной,,+,+,+,+,+,+,+,+,
Ива Шверина,Лиственные деревья,Основной,,+,+,+,+,-,+,+,-,
Кладрастис желтый,Лиственные деревья,Основной,,+,+,+,+,+,+,+,+,
Клен гиннала/приречный,Лиственные деревья,Основной,,+,+,+,+,+,+,+,+,
Клен красный (формы и сорта),Лиственные деревья,Основной,,+,+,+,+,-,+,+,-,
Клен остролистный (формы и сорта),Лиственные деревья,Основной,,+,+,+,+,+,+,+,+,
Клен сахаристый/серебристый (формы и сорта),Лиственные деревья,Основной,,+,+,+,+,+,+,-,+,
Клен татарский,Лиственные деревья,Основной,,+,+,+,+,+,+,+,+,
Конский каштан восьмитычинковый,Лиственные деревья,Основной,,+,-,+,+,-,+,+,-,
Конский каштан мясо-красный,Лиственные деревья,Основной,,+,-,+,+,-,+,+,-,
Липа американская,Лиственные деревья,Основной,3,+,+,+,+,+,+,+,-,
Липа крупнолистная (формы и сорта),Лиственные деревья,Основной,3,+,+,+,+,+,+,+,+,
Липа мелколистная/сердцевидная (формы и сорта),Лиственные деревья,Основной,3,+,+,+,+,+,+,+,+,
Липа обыкновенная/европейская (формы и сорта),Лиственные деревья,Основной,3,+,+,+,+,+,+,+,+,
Ольха серая (формы и сорта),Лиственные деревья,Основной,,-,-,-,-,-,+,+,-,
Ольха черная (формы и сорта),Лиственные деревья,Основной,,-,-,-,-,-,+,+,-,
Орех маньчжурский,Лиственные деревья,Основной,1,-,-,+,+,-,-,-,+,
Орех серый,Лиственные деревья,Основной,,-,-,-,-,-,+,+,-,
Робиния лжеакация/акация белая,Лиственные деревья,Основной,1,+,-,+,+,+,+,-,-,
Рябина ария (формы и сорта),Лиственные деревья,Основной,2,+,-,-,+,+,+,+,+,
Рябина гибридная (формы и сорта),Лиственные деревья,Основной,2,+,-,-,+,+,+,+,+,
Рябина обыкновенная (формы и сорта),Лиственные деревья,Основной,2,+,-,-,+,+,+,+,+,
Рябина промежуточная (формы и сорта),Лиственные деревья,Основной,2,+,-,-,+,+,+,+,+,
Рябина тюрингская/дуболистная (формы и сорта),Лиственные деревья,Основной,2,+,-,-,+,+,+,+,+,
Слива домашняя (формы и сорта),Лиственные деревья,Основной,2,+,-,-,+,-,+,+,-,
Слива колючая/терн,Лиственные деревья,Основной,2,+,-,-,+,-,+,+,+,
Слива растопыренная,Лиственные деревья,Основной,2,+,-,-,+,-,+,+,+,
Тополь бальзамический (муж. клоны),Лиственные деревья,Основной,,+,+,+,+,+,+,+,+,
Тополь белый/серебристый (муж. клоны) (формы и сорта),Лиственные деревья,Основной,,+,+,+,+,+,+,+,+,
Тополь берлинский (муж. клоны),Лиственные деревья,Основной,,+,+,+,+,+,+,+,+,
Тополь дрожащий/осина (муж. клоны),Лиственные деревья,Основной,,-,-,-,-,+,-,-,+,
Тополь канадский (муж. клоны),Лиственные деревья,Основной,,+,+,+,+,-,+,+,+,
Тополь Симона (муж. клоны) (формы и сорта),Лиственные деревья,Основной,,+,+,+,+,+,+,+,+,
Тополь советский Пирамидальный (муж. клоны),Лиственные деревья,Основной,,+,+,+,+,+,+,+,+,
Черемуха виргинская (формы и сорта),Лиственные деревья,Основной,1,+,-,-,+,-,+,+,-,
Черемуха Маака,Лиственные деревья,Основной,2,+,-,-,+,+,+,+,+,
Черемуха обыкновенная (формы и сорта),Лиственные деревья,Основной,2,+,-,-,+,+,+,+,+,
Черемуха поздняя (формы и сорта),Лиственные деревья,Основной,2,+,-,-,+,+,+,+,-,
Яблоня Недзведцкого,Лиственные деревья,Основной,2,+,-,-,+,-,+,+,+,
Яблоня обильноцветущая,Лиственные деревья,Основной,2,+,-,-,+,-,+,+,+,
Яблоня сливолистная,Лиственные деревья,Основной,2,+,-,-,+,-,+,+,+,
Яблоня ягодная (формы и сорта),Лиственные деревья,Основной,2,+,-,-,+,-,+,+,+,
Аморфа кустарниковая,Лиственные кустарники,Основной,1,+,+,+,+,+,+,+,+,
Арония черноплодная/Мичурина (формы и сорта),Лиственные кустарники,Основной,2,+,,-,+,+,+,+,+,Дошкольные учреждения=+/-
Барбарис амурский,Лиственные кустарники,Основной,2,+,,-,+,-,+,+,+,Дошкольные учреждения=+/-
Барбарис обыкновенный (формы и сорта),Лиственные кустарники,Основной,2,+,,-,+,+,+,+,+,Дошкольные учреждения=+/-
Барбарис оттавский (формы и сорта),Лиственные кустарники,Основной,2,+,,-,+,-,+,+,-,Дошкольные учреждения=+/-
Барбарис Тунберга (формы и сорта),Лиственные кустарники,Основной,2,+,,-,+,+,+,+,+,Дошкольные учреждения=+/-
Бересклет бородавчатый,Лиственные кустарники,Основной,2,+,,-,+,-,+,+,-,Дошкольные учреждения=+/-
Бересклет европейский (формы и сорта),Лиственные кустарники,Основной,2,+,,-,+,-,+,+,-,Дошкольные учреждения=+/-
Бересклет крылатый (формы и сорта),Лиственные кустарники,Основной,2,+,,-,+,-,+,+,-,Дошкольные учреждения=+/-
Бересклет Маака,Лиственные кустарники,Основной,2,+,,-,+,-,+,+,-,Дошкольные учреждения=+/-
Бирючина обыкновенная (формы и сорта),Лиственные кустарники,Основной,2,+,,-,+,-,+,+,-,Дошкольные учреждения=+/-
Боярышник Арнольда,Лиственные кустарники,Основной,2,+,,-,+,-,+,+,+,Дошкольные учреждения=+/-
Боярышник кроваво-красный,Лиственные кустарники,Основной,2,+,,-,+,+,+,+,+,Дошкольные учреждения=+/-
Боярышник обыкновенный/колючий,Лиственные кустарники,Основной,2,+,,-,+,-,+,+,+,Дошкольные учреждения=+/-
Боярышник однопестичный (формы и сорта),Лиственные кустарники,Основной,2,+,,-,+,-,+,+,+,Дошкольные учреждения=+/-
Боярышник перистонадрезанный,Лиственные кустарники,Основной,2,+,,-,+,+,+,+,+,Дошкольные учреждения=+/-
Боярышник полумягкий/мягковатый,Лиственные кустарники,Основной,2,+,,-,+,+,+,+,+,Дошкольные учреждения=+/-
Боярышник сливолистный,Лиственные кустарники,Основной,2,+,,-,+,+,+,+,+,Дошкольные учреждения=+/-
Бузина канадская «Аurea»,Лиственные кустарники,Основной,,+,,-,+,-,+,+,+,Дошкольные учреждения=+/-
Бузина красная/кистистая,Лиственные кустарники,Основной,2,-,-,-,-,-,-,+,+,
Бузина черная (формы и сорта),Лиственные кустарники,Основной,,+,,-,+,-,+,+,+,Дошкольные учреждения=+/-
Гортензия Бреттшнейдера,Лиственные кустарники,Основной,,+,+,+,+,+,+,+,+,
Гортензия древовидная (формы и сорта),Лиственные кустарники,Основной,,+,+,+,+,+,+,+,+,
Гортензия метельчатая (формы и сорта),Лиственные кустарники,Основной,,+,+,+,+,-,+,+,+,
Дерен белый/сибирский (формы и сорта),Лиственные кустарники,Основной,1,+,,+,+,+,+,+,+,Дошкольные учреждения=+/-
Дерен кроваво-красный (формы и сорта),Лиственные кустарники,Основной,,+,,-,+,+,+,+,+,Дошкольные учреждения=+/-
Дерен отпрысковый ф. «Флавирамея»,Лиственные кустарники,Основной,,+,,-,+,+,+,+,+,Дошкольные учреждения=+/-
Жимолость альпийская,Лиственные кустарники,Основной,,+,,-,+,+,+,+,+,Дошкольные учреждения=+/-
Жимолость золотистая,Лиственные кустарники,Основной,,+,,-,+,+,+,+,+,Дошкольные учреждения=+/-
Жимолость Королькова,Лиственные кустарники,Основной,,-,-,-,+,-,+,+,+,
Жимолость Маака,Лиственные кустарники,Основной,,+,,-,+,+,+,+,+,Дошкольные учреждения=+/-
Жимолость Максимовича,Лиственные кустарники,Основной,,+,,-,+,+,+,+,+,Дошкольные учреждения=+/-
Жимолость обыкновенная,Лиственные кустарники,Основной,,+,,-,+,+,-,+,-,Дошкольные учреждения=+/-
Жимолость татарская (формы и сорта),Лиственные кустарники,Основной,,-,-,-,+,+,+,+,+,
Ива пурпурная ф. «Nana»,Лиственные кустарники,Основной,,+,+,+,+,-,+,+,-,
Ирга канадская/Ирга Ламарка,Лиственные кустарники,Основной,,+,,-,+,+,+,+,+,Дошкольные учреждения=+/-
Ирга колосистая,Лиственные кустарники,Основной,1,+,,-,+,+,+,+,+,Дошкольные учреждения=+/-
Ирга круглолистная,Лиственные кустарники,Основной,7,+,,-,+,-,+,+,-,Дошкольные учреждения=+/-
Калина гордовина (формы и сорта),Лиственные кустарники,Основной,,+,,-,+,-,+,+,-,Дошкольные учреждения=+/-
Калина обыкновенная (формы и сорта),Лиственные кустарники,Основной,,+,,-,+,-,+,+,-,Дошкольные учреждения=+/-
Калина Саржента (формы и сорта),Лиственные кустарники,Основной,,+,,-,+,-,+,+,-,Дошкольные учреждения=+/-
Карагана древовидная/акация желтая (формы и сорта),Лиственные кустарники,Основной,,+,,-,+,+,+,-,+,Дошкольные учреждения=+/-
Карагана кустарниковая,Лиственные кустарники,Основной,,+,,-,+,+,+,+,+,Дошкольные учреждения=+/-
Кизильник блестящий,Лиственные кустарники,Основной,,+,+,+,+,+,+,+,+,
Лапчатка кустарниковая (формы и сорта),Лиственные кустарники,Основной,,+,+,+,+,+,+,+,+,
Лещина обыкновенная (формы и сорта),Лиственные кустарники,Основной,,+,,-,-,+,+,+,+,Дошкольные учреждения=+/-
Лещина пурпурнолистная,Лиственные кустарники,Основной,,+,,-,-,+,+,+,+,Дошкольные учреждения=+/-
Лох серебристый,Лиственные кустарники,Основной,,+,,-,+,+,+,+,+,Дошкольные учреждения=+/-
Лох узколистный,Лиственные кустарники,Основной,,+,,-,+,+,+,+,+,Дошкольные учреждения=+/-
Магония падуболистная (формы и сорта),Лиственные кустарники,Основной,,+,,-,+,-,+,+,-,Дошкольные учреждения=+/-
Пузыреплодник калинолистный (формы и сорта),Лиственные кустарники,Основной,1,+,+,+,+,+,+,+,+,
Роза бедренцеволистная,Лиственные кустарники,Основной,,+,,-,+,+,+,+,+,Дошкольные учреждения=+/-
Роза морщинистая (формы и сорта),Лиственные кустарники,Основной,1,+,,-,+,+,+,-,+,Дошкольные учреждения=+/-
Роза сизая,Лиственные кустарники,Основной,,+,,-,+,+,+,+,+,Дошкольные учреждения=+/-
Роза собачья,Лиственные кустарники,Основной,,+,,-,+,+,+,+,+,Дошкольные учреждения=+/-
Рябинник рябинолистный (формы и сорта),Лиственные кустарники,Основной,1,+,+,+,+,+,+,+,+,
Сирень амурская,Лиственные кустарники,Основной,,+,+,+,-,+,+,+,-,
Сирень венгерская,Лиственные кустарники,Основной,,+,+,+,+,+,+,+,+,
Сирень обыкновенная (формы и сорта),Лиственные кустарники,Основной,,+,+,+,+,+,+,+,+,
Сирень Престон (сорта),Лиственные кустарники,Основной,,+,+,+,+,+,+,+,+,
Смородина альпийская (формы и сорта),Лиственные кустарники,Основной,,+,,-,+,+,+,+,+,Дошкольные учреждения=+/-
Смородина железистая,Лиственные кустарники,Основной,,+,,-,+,+,+,+,+,Дошкольные учреждения=+/-
Смородина золотистая,Лиственные кустарники,Основной,,+,,-,+,+,+,+,+,Дошкольные учреждения=+/-
Смородина красная,Лиственные кустарники,Основной,,+,,-,+,-,+,+,-,Дошкольные учреждения=+/-
Снежноягодник белый (формы и сорта),Лиственные кустарники,Основной,7,+,,-,+,+,+,-,+,Дошкольные учреждения=+/-
Спирея березолистная (формы и сорта),Лиственные кустарники,Основной,,+,+,+,+,+,+,+,+,
Спирея Билларда (формы и сорта),Лиственные кустарники,Основной,,+,+,+,+,+,+,+,+,
Спирея Бумальда (формы и сорта),Лиственные кустарники,Основной,,+,+,+,+,+,+,+,+,
Спирея Вангутта (формы и сорта),Лиственные кустарники,Основной,,+,+,+,+,+,+,+,+,
Спирея дубравколистная,Лиственные кустарники,Основной,,+,+,+,+,+,+,+,+,
Спирея Дугласа (формы и сорта),Лиственные кустарники,Основной,,+,+,+,+,+,+,+,+,
Спирея иволистная (формы и сорта),Лиственные кустарники,Основной,,+,+,+,+,+,+,+,+,
Спирея ниппонская (формы и сорта),Лиственные кустарники,Основной,,+,+,+,+,+,+,+,+,
Спирея острозубчатая,Лиственные кустарники,Основной,,+,+,+,+,+,+,+,+,
Спирея серая (формы и сорта),Лиственные кустарники,Основной,,+,+,+,+,+,+,+,+,
Спирея средняя (формы и сорта),Лиственные кустарники,Основной,,+,+,+,+,+,+,+,+,
Спирея трехлопастная,Лиственные кустарники,Основной,,+,+,+,+,+,+,+,+,
Спирея японская (формы и сорта),Лиственные кустарники,Основной,,+,+,+,+,+,+,+,+,
Форзиция обратнояйцевидная,Лиственные кустарники,Основной,,+,+,+,+,-,+,+,-,
Хеномелес японский,Лиственные кустарники,Основной,,+,,-,+,-,+,+,-,Дошкольные учреждения=+/-
Чубушник венечный (формы и сорта),Лиственные кустарники,Основной,,+,+,+,+,+,+,+,+,
Чубушник Лемуана (формы и сорта),Лиственные кустарники,Основной,,+,+,+,+,+,+,+,+,
Чубушник мелколистный,Лиственные кустарники,Основной,,+,+,+,+,+,+,+,+,
Актинидия коломикта,Лианы,Основной,,+,-,-,+,-,+,+,-,
Виноград амурский,Лианы,Основной,,+,-,-,+,-,+,+,-,
Девичий виноград пятилисточковый,Лианы,Основной,1,+,+,+,+,-,+,+,-,
Жимолость каприфоль,Лианы,Основной,,+,-,+,+,-,+,+,+,
Клематис сибирский,Лианы,Основной,,+,-,+,+,-,+,+,-,
Лимонник китайский,Лианы,Основной,,+,-,-,+,-,+,+,-,
Ель канадская/сизая (формы и сорта),Хвойные деревья,Дополнительный,,+,+,+,+,-,+,+,-,
Ель сербская (формы и сорта),Хвойные деревья,Дополнительный,4,+,+,+,+,-,+,+,+,
Ель шероховатая,Хвойные деревья,Дополнительный,4,+,+,+,+,-,+,+,+,
Ель Энгельмана,Хвойные деревья,Дополнительный,,+,+,+,+,-,+,+,-,
Кипарисовик горохоплодный,Хвойные деревья,Дополнительный,,+,+,+,+,-,+,+,-,
Лиственница Кемфера,Хвойные деревья,Дополнительный,,+,+,+,+,+,+,+,+,
Лиственница Сукачева,Хвойные деревья,Дополнительный,,+,+,+,+,+,+,+,+,
"Пихта бальзамическая, (формы и сорта)",Хвойные деревья,Дополнительный,3;4;5,+,+,+,+,-,+,+,-,
Пихта Вича,Хвойные деревья,Дополнительный,,+,+,+,+,-,+,+,-,
Пихта одноцветная (формы и сорта),Хвойные деревья,Дополнительный,,+,+,+,+,-,+,+,-,
"Пихта сибирская,",Хвойные деревья,Дополнительный,3;4;5,+,+,+,+,-,+,+,-,
Псевдотсуга Мензиса сизая,Хвойные деревья,Дополнительный,,+,+,+,+,-,+,+,-,
Сосна Веймутова (формы и сорта),Хвойные деревья,Дополнительный,4,+,+,+,+,-,-,+,-,
Сосна кедровая европейская,Хвойные деревья,Дополнительный,,+,+,+,+,-,+,+,-,
Сосна кедровая корейская,Хвойные деревья,Дополнительный,,+,+,+,+,-,+,+,-,
Сосна кедровая сибирская,Хвойные деревья,Дополнительный,,+,+,+,+,-,+,+,-,
Сосна кедровая стланиковая (кедровый стланик),Хвойные деревья,Дополнительный,,+,+,+,+,-,+,+,-,
Сосна румелийская (формы и сорта),Хвойные деревья,Дополнительный,,+,+,+,+,-,-,+,-,
Сосна черная австрийская,Хвойные деревья,Дополнительный,,+,+,+,+,-,+,+,+,
Туя западная (формы и сорта),Хвойные деревья,Дополнительный,,+,+,+,+,-,+,+,+,
Микробиота перекрёстнопарная,Хвойные кустарники,Дополнительный,,-,+,+,+,-,+,+,+,
"Можжевельник китайский, (формы и сорта)",Хвойные кустарники,Дополнительный,5;6,+,+,+,+,-,+,+,-,
"Можжевельник чешуйчатый, (формы и сорта)",Хвойные кустарники,Дополнительный,5;6,+,+,+,+,-,+,+,-,
Багряник японский,Лиственные деревья,Дополнительный,,+,+,+,+,-,+,+,+,
Береза бумажная,Лиственные деревья,Дополнительный,,+,+,+,+,+,+,+,+,
Берёза вишнёвая,Лиственные деревья,Дополнительный,,+,+,+,+,-,+,+,+,
Береза ребристая (формы и сорта),Лиственные деревья,Дополнительный,,+,-,-,+,+,+,+,+,
Береза черная (формы и сорта),Лиственные деревья,Дополнительный,,-,-,-,-,-,+,+,-,
Береза Эрмана/каменная (формы и сорта),Лиственные деревья,Дополнительный,,-,-,-,-,-,+,+,-,
Боярышник зеленомясый,Лиственные деревья,Дополнительный,,+,-,-,+,+,+,+,+,
Вяз шершавый (формы и сорта),Лиственные деревья,Дополнительный,,+,+,+,+,-,+,+,+,
Груша иволистная (формы и сорта),Лиственные деревья,Дополнительный,,+,-,-,+,+,+,+,+,
Груша обыкновенная,Лиственные деревья,Дополнительный,,+,-,-,+,-,+,+,-,
Дуб монгольский,Лиственные деревья,Дополнительный,,+,-,-,+,-,+,+,-,
Ива козья (формы и сорта),Лиственные деревья,Дополнительный,,-,-,-,-,-,-,+,+,
Ива пятитычинковая,Лиственные деревья,Дополнительный,,+,+,+,+,+,+,+,+,
Ива росистая,Лиственные деревья,Дополнительный,,+,+,+,+,+,+,+,+,
Ива цельнолистная,Лиственные деревья,Дополнительный,,+,+,+,+,+,+,+,+,
Клен зеленокорый,Лиственные деревья,Дополнительный,,+,+,+,+,-,+,+,+,
Клён колосистый,Лиственные деревья,Дополнительный,,+,+,+,+,+,+,+,+,
Клен ложнозибольдов,Лиственные деревья,Дополнительный,,+,+,+,+,-,+,+,+,
Клен маньчжурский,Лиственные деревья,Дополнительный,,+,+,+,+,-,+,+,+,
Клён мелколистный,Лиственные деревья,Дополнительный,,+,+,+,+,+,+,+,+,
Липа войлочная/серебристая,Лиственные деревья,Дополнительный,3,+,+,+,+,+,+,+,+,
Липа монгольская,Лиственные деревья,Дополнительный,3,+,+,+,+,+,+,+,+,
Маакия амурская,Лиственные деревья,Дополнительный,,+,-,-,+,-,+,+,-,
Рябина Арнольда (сорта),Лиственные деревья,Дополнительный,,+,-,-,+,-,+,+,-,
Рябина бузинолистная,Лиственные деревья,Дополнительный,,+,-,-,+,+,+,+,+,
Рябина кашмирская,Лиственные деревья,Дополнительный,,+,+,+,+,+,+,+,+,
Рябина Мужо,Лиственные деревья,Дополнительный,,+,+,+,+,+,+,+,+,
Тополь лавролистный,Лиственные деревья,Дополнительный,,-,-,-,-,+,-,-,+,
Тополь Максимовича (муж. клоны),Лиственные деревья,Дополнительный,,-,-,-,-,+,-,-,+,
Тополь черный (муж. клоны),Лиственные деревья,Дополнительный,,-,-,-,-,+,+,+,+,
Черемуха пенсильванская,Лиственные деревья,Дополнительный,,+,-,+,+,-,+,+,+,
Яблоня Зибольда,Лиственные деревья,Дополнительный,,+,-,+,+,-,+,+,+,
Яблоня Саржента,Лиственные деревья,Дополнительный,,+,+,+,+,-,+,+,+,
Ясень маньчжурский,Лиственные деревья,Дополнительный,,+,+,+,+,-,+,+,-,
Барбарис Вильсон,Лиственные кустарники,Дополнительный,2,+,-,-,+,-,+,+,+,
Бересклет Форчуна (формы и сорта),Лиственные кустарники,Дополнительный,2,+,-,-,+,-,+,+,-,
Боярышник Максимовича,Лиственные кустарники,Дополнительный,,+,-,-,+,+,+,+,+,
Вейгела Миддендорфа,Лиственные кустарники,Дополнительный,,-,-,+,+,-,+,+,-,
Вишня войлочная,Лиственные кустарники,Дополнительный,,+,-,-,+,-,+,+,+,
Дёрен Бейли,Лиственные кустарники,Дополнительный,,+,-,-,+,+,+,+,+,
Дёрен Вальтера,Лиственные кустарники,Дополнительный,,+,-,-,+,+,+,+,+,
Жёстер даурский,Лиственные кустарники,Дополнительный,,+,-,-,+,-,+,+,-,
Жимолость Максимовича,Лиственные кустарники,Дополнительный,,+,-,-,+,-,+,+,+,
Жимолость покрывальная,Лиственные кустарники,Дополнительный,,+,-,-,+,-,+,+,+,
Кизильник горизонтальный,Лиственные кустарники,Дополнительный,,+,-,-,+,-,+,+,+,
Миндаль низкий/степной,Лиственные кустарники,Дополнительный,,+,-,+,+,-,+,+,+,
Ракитник русский,Лиственные кустарники,Дополнительный,2,+,-,-,+,-,+,+,+,
Рододендрон даурский,Лиственные кустарники,Дополнительный,,-,+,+,+,-,+,+,-,
Сирень Вольфа,Лиственные кустарники,Дополнительный,,+,+,+,+,-,+,+,-,
Сирень Комарова,Лиственные кустарники,Дополнительный,,+,+,+,+,-,+,+,+,
Скумпия обыкновенная/кожевенная (формы и сорта),Лиственные кустарники,Дополнительный,,+,+,+,+,-,+,+,-,
Снежноягодник Доренбоза,Лиственные кустарники,Дополнительный,,+,-,-,+,+,+,+,+,
Стефанандра надрезаннолистная,Лиственные кустарники,Дополнительный,,+,+,+,+,-,+,+,-,
Стефанандра Танаки,Лиственные кустарники,Дополнительный,,+,+,+,+,-,+,+,-,
Экзохорда тяньшанская,Лиственные кустарники,Дополнительный,,+,+,+,+,-,+,+,+,
Аристолохия крупнолистная,Лианы,Дополнительный,,+,-,-,+,-,+,+,-,
Аристолохия маньчжурская,Лианы,Дополнительный,,+,-,-,+,-,+,+,-,
Гортензия черешковая,Лианы,Дополнительный,,+,-,-,+,-,+,+,-,
Древогубец круглолистный,Лианы,Дополнительный,7,-,-,-,+,-,+,+,-,
Жимолость вьющаяся,Лианы,Дополнительный,,,,,,,,,,
Клематис тангутский,Лианы,Дополнительный,,+,+,+,+,-,+,+,-,
