object_ru,tree_m,bush_m,zone_type,note
Наружная стена здания и сооружения,5.0,1.5,building,"Для деревьев с широкой кроной -- 10 м, см. прим. 3 (setback_norms.SPECIES_SETBACK_RULES)"
Наружная стена школьного здания или здания детского сада,10.0,1.5,,В DXF назначение здания не размечено -- тип зоны отличить нельзя
Ось трамвайных путей,5.0,3.0,,В проекте такого типа зоны нет
Край тротуара и садовой дорожки,0.7,0.5,pedestrian_path,
"Край проезжей части улиц, кромка укрепленной полосы обочины дороги и бровка канавы",2.0,1.0,road,
"Мачта и опора осветительной сети, трамвая, колонны галерей и эстакад",4.0,,lamp,"Для кустарника прочерк -- не нормируется. В коде это POINT_CLEARANCE_M в backend/placement.py"
"Подошва откоса, террасы и др.",1.0,0.5,,В проекте такого типа зоны нет
Подошва и внутренняя грань подпорных стенок,3.0,1.0,,В проекте такого типа зоны нет
"Подземные коммуникации: газопровод, канализация",1.5,,gas_pipeline;sewer,Для кустарника прочерк -- не нормируется
"Подземные коммуникации: теплопровод, трубопровод, теплосеть",2.0,1.0,heat_network,"Это и есть ""не менее 2 метров от трубопроводов"" из ТЗ кейса"
"Подземные коммуникации: водопровод, дренаж",2.0,,water_pipeline,Для кустарника прочерк -- не нормируется
Подземные коммуникации: силовой кабель и кабель связи,2.0,0.7,electrical;signal_cable,
